"id","event_name","event_date","description","event_image","club_name"
"1","MÃ™A HÃˆ XANH 2025 â€“ THANH Ã‚M MÃ™A XANH","2025-05-22","ğŸ¶Má» FORM ÄÄ‚NG KÃ Äá»˜I HÃŒNH MÃ™A HÃˆ XANH 2025 â€“ THANH Ã‚M MÃ™A XANHğŸ¶

ğŸŒ¿TÃ¬m vá» nÆ¡i khÃ´ng gian bao la

ğŸŒ¿Láº¯ng nghe thanh Ã¢m bÃªn trong ta

ğŸŒ¿Äáº¯m say cÃ¹ng mÃ¹a hÃ¨ Ä‘á»ƒ ta thÃªm tháº£nh thÆ¡i

ğŸ’šHáº¡ Ä‘áº¿n mang theo nhá»¯ng tia náº¯ng vÃ ng Ã³ng áº£ len qua káº½ lÃ¡, Ã¢m thanh ve gá»i rá»™n rÃ ng trÃªn tá»«ng con phá»‘ nhá». Trong khoáº£nh kháº¯c áº¥y, mÃ u Ã¡o xanh tÃ¬nh nguyá»‡n láº¡i hiá»‡n diá»‡n, quen thuá»™c mÃ  Ä‘áº§y má»›i máº». Nhá»¯ng bÆ°á»›c chÃ¢n tuá»•i tráº» khÃ´ng ngá»«ng Ä‘i, mang theo sá»± táº­n tÃ¢m vÃ  lÃ²ng nhiá»‡t thÃ nh, sáºµn sÃ ng sáº» chia, cá»‘ng hiáº¿n vÃ¬ cá»™ng Ä‘á»“ng. ThÃªm má»™t mÃ¹a hÃ¨ láº¡i vá», tháº¯p sÃ¡ng trÃ¡i tim yÃªu thÆ°Æ¡ng báº±ng hÃ nh trÃ¬nh cá»§a MÃ¹a hÃ¨ xanh. 

ğŸ€Vá»›i chá»§ Ä‘á» Thanh Ã‚m MÃ¹a Xanh, MÃ¹a hÃ¨ xanh 2025 mang theo khÃ¡t vá»ng lan tá»a tiáº¿ng nÃ³i yÃªu thÆ°Æ¡ng vÃ  tinh tháº§n cá»‘ng hiáº¿n Ä‘áº¿n kháº¯p má»i miá»n. 8 Ä‘á»™i hÃ¬nh gá»“m 2 thÆ°á»ng trá»±c vÃ  6 chuyÃªn sáº½ cÃ¹ng nhau táº¡o nÃªn nhá»¯ng báº£n hÃ²a ca rá»±c rá»¡ sáº¯c xanh, nÆ¡i lÃ²ng nhiá»‡t huyáº¿t cá»§a sinh viÃªn Ä‘Æ°á»£c trao Ä‘i vÃ  nhá»¯ng ká»· niá»‡m Ä‘Æ°á»£c Ä‘ong Ä‘áº§y má»Ÿ ra hÃ nh trÃ¬nh má»›i Ä‘áº§y há»©a háº¹n.

ğŸ‘‰CÃ¡c Ä‘á»™i hÃ¬nh Ä‘Ã£ sáºµn sÃ ng bÃªn dÆ°á»›i, cÃ²n báº¡n Ä‘Ã£ tÃ¬m Ä‘Æ°á»£c â€œmÃ¡i nhÃ  xanhâ€ Ä‘á»ƒ viáº¿t nÃªn cÃ¢u chuyá»‡n MÃ¹a hÃ¨ xanh 2025 cá»§a riÃªng mÃ¬nh chÆ°a

ğŸ2 Ä‘á»™i hÃ¬nh thÆ°á»ng trá»±c gá»“m:

ğŸ’¥Äá»™i hÃ¬nh thÆ°á»ng trá»±c tá»‰nh Äáº¯k NÃ´ng

ğŸ’¥Äá»™i hÃ¬nh tÃ¬nh nguyá»‡n Quá»‘c táº¿

ğŸ6 Ä‘á»™i hÃ¬nh chuyÃªn gá»“m: 

ğŸ’¥Äá»™i hÃ¬nh ChuyÃªn Truyá»n thÃ´ng

ğŸ’¥Äá»™i hÃ¬nh ChuyÃªn Lan tá»a yÃªu thÆ°Æ¡ng

ğŸ’¥Äá»™i hÃ¬nh ChuyÃªn SÃ¢n chÆ¡i Tiáº¿ng Anh

ğŸ’¥Äá»™i hÃ¬nh ChuyÃªn Ká»¹ nÄƒng sá»‘

ğŸ’¥Äá»™i hÃ¬nh ChuyÃªn Hoáº¡t Ä‘á»™ng Bá»n vá»¯ng

ğŸ’¥Äá»™i hÃ¬nh ChuyÃªn Tri thá»©c quanh ta

ğŸŒŸNáº¿u báº¡n Ä‘ang mong chá» má»™t mÃ¹a hÃ¨ cÃ³ thá»ƒ khiáº¿n trÃ¡i tim mÃ¬nh kháº½ rung vÃ¬ má»™t hÃ nh trÃ¬nh Ä‘áº§y Ã½ nghÄ©a, vÃ¬ nhá»¯ng khoáº£nh kháº¯c giáº£n dá»‹ mÃ  sÃ¢u sáº¯c, hay Ä‘Æ¡n giáº£n chá»‰ lÃ  vÃ¬ cáº£m giÃ¡c Ä‘Æ°á»£c sá»‘ng tháº­t trá»n váº¹n cho nhá»¯ng Ä‘iá»u tá»‘t Ä‘áº¹p thÃ¬ â€œThanh Ã‚m MÃ¹a Xanhâ€ chÃ­nh lÃ  nÆ¡i báº¡n cáº§n Ä‘áº¿n.

ğŸŒ¿Váº­y thÃ¬ Ä‘á»«ng cháº§n chá»« ná»¯a nhÃ©. Xáº¿p láº¡i nhá»¯ng do dá»±, mang theo tinh tháº§n nhiá»‡t huyáº¿t vÃ  cÃ¹ng tá»¥i mÃ¬nh dá»‡t nÃªn báº£n hÃ²a ca mÃ¹a hÃ¨ tháº­t rá»±c rá»¡. HÃ£y Ä‘á»ƒ mÃ¹a hÃ¨ 2025 trá»Ÿ thÃ nh má»™t pháº§n thanh xuÃ¢n Ä‘Ã¡ng nhá»› nÆ¡i báº¡n Ä‘Æ°á»£c sá»‘ng háº¿t mÃ¬nh, Ä‘Æ°á»£c sáº» chia vÃ  Ä‘Æ°á»£c lÃ  chÃ­nh mÃ¬nh.

âœ¨CÃ¡c báº¡n Ä‘á»«ng quÃªn nháº¥n theo dÃµi fanpage IU Union of Students Ä‘á»ƒ cáº­p nháº­t nhá»¯ng thÃ´ng tin má»›i nháº¥t nhÃ©!

â€”â€”â€”â€”â€”â€”â€”â€”â€”â€”â€”â€”â€”â€”

ğŸ”¥ THÃ”NG TIN ÄÄ‚NG KÃ CHIáº¾N Dá»ŠCH MÃ™A HÃˆ XANH 2025 â€“ THANH Ã‚M MÃ™A XANHğŸ”¥

â°ï¸ Thá»i gian tuyá»ƒn quÃ¢n: 17/04 â€“ 26/05/2025

ğŸ”° Má»i thÃ´ng tin tháº¯c máº¯c vá» chiáº¿n dá»‹ch MÃ™A HÃˆ XANH 2025, cÃ¡c báº¡n cÃ³ thá»ƒ liÃªn há»‡ qua email hoisinhvien@iuyouth.edu.vn hoáº·c nháº¯n tin Ä‘áº¿n Fanpage IU Union of Students.","uploads/1747911297_bg3.jpg","IUYouth"
"2","[EE] CAMPING TRIP 2025","2025-05-10","Sau má»™t thá»i gian dÃ i giÃ¡n Ä‘oáº¡n bá»Ÿi áº£nh hÆ°á»Ÿng cá»§a dá»‹ch bá»‡nh, chÆ°Æ¡ng trÃ¬nh dÃ£ ngoáº¡i truyá»n thá»‘ng EE Camping 2025 Ä‘Ã£ chÃ­nh thá»©c quay trá»Ÿ láº¡i, Ä‘Ã¡nh dáº¥u má»™t bÆ°á»›c ngoáº·t giÃ u cáº£m xÃºc vÃ  trÃ n Ä‘áº§y nÄƒng lÆ°á»£ng. Táº¡i Dambri, LÃ¢m Äá»“ng, EE Camping Trip 2025 Ä‘Ã£ diá»…n ra vÃ´ cÃ¹ng tá»‘t Ä‘áº¹p trong ngÃ y 19-20/4/2025 cÃ¹ng vá»›i sá»± nhiá»‡t huyáº¿t cá»§a cÃ¡c báº¡n sinh viÃªn trÆ°á»ng Ä‘áº¡i há»c Quá»‘c Táº¿-ÄHQG.
Vá»›i chá»§ Ä‘á» â€œPhÆ°á»£ng hoÃ ng lá»­a tÃ¡i sinhâ€, hÃ nh trÃ¬nh nÄƒm nay khÃ´ng chá»‰ Ä‘Æ¡n thuáº§n lÃ  má»™t sá»± kiá»‡n dÃ£ ngoáº¡i mÃ  cÃ²n lÃ  biá»ƒu tÆ°á»£ng cá»§a sá»± há»“i sinh, tÃ¡i káº¿t ná»‘i vÃ  khÆ¡i dáº­y tinh tháº§n tuá»•i tráº» sau nhá»¯ng thÃ¡ng ngÃ y bá»‹ kÃ¬m hÃ£m. Trong hai ngÃ y diá»…n ra táº¡i khu du lá»‹ch Dambri, cÃ¡c sinh viÃªn á»Ÿ cÃ¡c khoa Ä‘Ã£ cÃ¹ng nhau tham gia vÃ o chuá»—i hoáº¡t Ä‘á»™ng Ã½ nghÄ©a â€“ tá»« cÃ¡c trÃ² chÆ¡i táº­p thá»ƒ sÃ´i Ä‘á»™ng, teambuilding thá»­ thÃ¡ch, cho Ä‘áº¿n Ä‘Ãªm nháº¡c Rock & Roll vÃ  EDM rá»±c lá»­a. Má»—i hoáº¡t Ä‘á»™ng khÃ´ng chá»‰ khÆ¡i dáº­y cáº£m xÃºc mÃ£nh liá»‡t mÃ  cÃ²n lÃ  cÆ¡ há»™i Ä‘á»ƒ má»—i ngÆ°á»i khÃ¡m phÃ¡ láº¡i báº£n thÃ¢n, vÆ°á»£t qua giá»›i háº¡n vÃ  cÃ¹ng nhau viáº¿t nÃªn nhá»¯ng chÆ°Æ¡ng má»›i cá»§a thá»i thanh xuÃ¢n. Táº¡i Ä‘Ã¢y, má»i ngÆ°á»i sáº½ cÃ³ thÃªm cÆ¡ há»™i gáº¯n káº¿t vá»›i nhau, cÃ¹ng nhau Ä‘oÃ n káº¿t vÆ°á»£t qua cÃ¡c thá»­ thÃ¡ch á»Ÿ cÃ¡c tráº¡m Ä‘á»ƒ Ä‘Æ°a Ä‘á»™i mÃ¬nh Ä‘áº¿n Ä‘Ã­ch chiáº¿n tháº¯ng. HÆ¡n tháº¿ ná»¯a, cÃ¡c báº¡n sinh viÃªn cÃ³ thá»ƒ ngá»“i láº¡i thÆ°á»Ÿng thá»©c tiá»‡c nÆ°á»›ng BBQ hoÃ nh trÃ¡ng vÃ  giao lÆ°u gáº§n gÅ©i hÆ¡n cÃ¹ng nhau, káº¿t thÃªm báº¡n má»›i trong hÃ nh trÃ¬nh thanh xuÃ¢n rá»±c rá»¡. Ãnh lá»­a tráº¡i báº­p bÃ¹ng giá»¯a rá»«ng nÃºi Dambri khÃ´ng chá»‰ soi sÃ¡ng khuÃ´n máº·t ráº¡ng rá»¡ cá»§a tá»«ng thÃ nh viÃªn, mÃ  cÃ²n tháº¯p lÃªn má»™t biá»ƒu tÆ°á»£ng tinh tháº§n: phÆ°á»£ng hoÃ ng lá»­a â€“ tÃ¡i sinh tá»« tro tÃ n, vÆ°Æ¡n lÃªn máº¡nh máº½ hÆ¡n, rá»±c rá»¡ hÆ¡n.
ÄÃ³ cÅ©ng chÃ­nh lÃ  tinh tháº§n xuyÃªn suá»‘t chÆ°Æ¡ng trÃ¬nh: dÃ¹ tráº£i qua thá»­ thÃ¡ch, má»—i sinh viÃªn váº«n mang trong mÃ¬nh má»™t ngá»n lá»­a khÃ´ng bao giá» táº¯t â€“ cá»§a khÃ¡t vá»ng, cá»§a sá»©c tráº», vÃ  cá»§a sá»± kiÃªn cÆ°á»ng. Chuyáº¿n Ä‘i khÃ©p láº¡i vá»›i nhá»¯ng cÃ¡i Ã´m tháº­t cháº·t, nhá»¯ng lá»i chia sáº» Ä‘áº§y xÃºc Ä‘á»™ng vÃ  nhá»¯ng ná»¥ cÆ°á»i ráº¡ng rá»¡. EE Camping 2025 Ä‘Ã£ Ä‘á»ƒ láº¡i dáº¥u áº¥n sÃ¢u Ä‘áº­m trong lÃ²ng má»—i ngÆ°á»i tham dá»± â€“ khÃ´ng chá»‰ lÃ  má»™t hÃ nh trÃ¬nh Ä‘á»ƒ nhá»›, mÃ  cÃ²n lÃ  nÆ¡i tuá»•i tráº» Ä‘Æ°á»£c â€œtÃ¡i sinhâ€ rá»±c rá»¡ sau nhá»¯ng nÄƒm thÃ¡ng láº·ng yÃªn.","uploads/1747911671_bg4.jpg","EEYU"
"3","CUá»˜C THI MISTER & MISS ÃO DÃ€I 2025","2025-04-25","Cuá»™c thi Mr & Miss Ão dÃ i 2025 lÃ  sÃ¢n chÆ¡i vÄƒn hÃ³a â€“ nghá»‡ thuáº­t dÃ nh cho viÃªn chá»©c â€“ ngÆ°á»i lao Ä‘á»™ng vÃ  sinh viÃªn Ä‘ang cÃ´ng tÃ¡c, há»c táº­p táº¡i TrÆ°á»ng Äáº¡i há»c Quá»‘c táº¿ â€“ ÄHQG TP.HCM, nháº±m tÃ´n vinh váº» Ä‘áº¹p truyá»n thá»‘ng cá»§a tÃ  Ã¡o dÃ i Viá»‡t Nam vÃ  táº¡o cÆ¡ há»™i thá»ƒ hiá»‡n phong thÃ¡i, báº£n lÄ©nh cÃ¡ nhÃ¢n.
Äá»‘i tÆ°á»£ng dá»± thi
â€“ Báº£ng A: viÃªn chá»©c â€“ ngÆ°á»i lao Ä‘á»™ng
â€“ Báº£ng B: sinh viÃªn Ä‘ang há»c táº­p táº¡i trÆ°á»ng
CÃ¡c má»‘c thá»i gian: 
â€“ Thá»i gian Ä‘Äƒng kÃ½: Tá»« 14/04/2025 Ä‘áº¿n háº¿t ngÃ y 25/04/2025
â€“ VÃ²ng sÆ¡ kháº£o: 27/04/2025 â€“ 06/05/2025
â€“ VÃ²ng Chung kháº£o: dá»± kiáº¿n 08/05/2025 â€“ 16/05/2025 
Gá»“m 2 vÃ²ng thi
1. VÃ²ng SÆ¡ kháº£o â€“ DÃ¡ng Viá»‡t Qua LÄƒng KÃ­nh:
â€“ Thi áº£nh cÃ¡ nhÃ¢n trong trang phá»¥c Ã¡o dÃ i thÃ´ng qua hÃ¬nh thá»©c bÃ¬nh chá»n táº¡i website bÃ¬nh chá»n cá»§a chÆ°Æ¡ng trÃ¬nh.
â€“ Top 20 thÃ­ sinh (10 thÃ­ sinh báº£ng A vÃ  10 thÃ­ sinh báº£ng B) cÃ³ Ä‘iá»ƒm cao nháº¥t sáº½ vÃ o vÃ²ng chung kháº£o. Sá»‘ lÆ°á»£ng cÃ³ thá»ƒ thay Ä‘á»•i tÃ¹y vÃ o sá»‘ thÃ­ sinh Ä‘Äƒng kÃ½ á»Ÿ má»—i báº£ng.

2. VÃ²ng Chung kháº£o â€“ DÃ¡ng Viá»‡t Trong NÃ©t Nghá»‡:
Tá»« 08/05 Ä‘áº¿n 13/05/2025:

â€“ Pháº§n thi 1: Ão DÃ i â€“ Má»™t biá»ƒu tÆ°á»£ng, Má»™t cÃ¢u chuyá»‡n: 
  ThÃ­ sinh thá»±c hiá»‡n 01 video/clip giá»›i thiá»‡u báº£n thÃ¢n, chia sáº» cáº£m nháº­n.
NgÃ y 16/05/2025:

â€“ Pháº§n thi 2: Phong thÃ¡i DÃ¡ng Viá»‡t
  + TrÃ¬nh diá»…n trang phá»¥c Ã¡o dÃ i (Viá»‡t phá»¥c vÃ  Ão dÃ i truyá»n thá»‘ng)
  + Top 10 thÃ­ sinh cÃ³ Ä‘iá»ƒm sá»‘ cao nháº¥t tá»« pháº§n thi 1 vÃ  2 sáº½ tiáº¿p tá»¥c tham gia Pháº§n thi 3.
â€“ Pháº§n thi 3: TÃ i nÄƒng DÃ¡ng Viá»‡t: Pháº§n thi nÄƒng khiáº¿u cÃ¡ nhÃ¢n
  + Top 6 thÃ­ sinh cÃ³ Ä‘iá»ƒm sá»‘ cao nháº¥t tá»« pháº§n thi 3 sáº½ tiáº¿p tá»¥c tham gia Pháº§n thi 4.
â€“ Pháº§n thi 4: Báº£n lÄ©nh DÃ¡ng Viá»‡t: Top 6 thÃ­ sinh tráº£ lá»i cÃ¢u há»i á»©ng xá»­ Ä‘á»ƒ tÃ¬m ra thÃ­ sinh Ä‘áº¡t cÃ¡c giáº£i thÆ°á»Ÿng chÃ­nh cá»§a chÆ°Æ¡ng trÃ¬nh
ğŸ† Giáº£i thÆ°á»Ÿng chÃ­nh (cho má»—i báº£ng) 

01 Giáº£i Nháº¥t: 2.500.000 VNÄ + VÆ°Æ¡ng miá»‡n, há»c bá»•ng/quÃ  táº·ng, ká»· niá»‡m chÆ°Æ¡ng, giáº¥y chá»©ng nháº­n
01 Giáº£i NhÃ¬: 2.000.000 VNÄ + QuÃ  táº·ng, giáº¥y chá»©ng nháº­n
01 Giáº£i Ba: 1.500.000 VNÄ + QuÃ  táº·ng, giáº¥y chá»©ng nháº­n
 
ï¸ğŸ† Giáº£i phá»¥ (cáº£ 2 báº£ng)

01 giáº£i Dáº¥u áº¤n DÃ¡ng Viá»‡t: ThÃ­ sinh Ä‘Æ°á»£c bÃ¬nh chá»n cao nháº¥t vÃ²ng sÆ¡ kháº£o
01 giáº£i Khoáº£nh Kháº¯c DÃ¡ng Viá»‡t: ThÃ­ sinh cÃ³ video áº¥n tÆ°á»£ng nháº¥t
01 giáº£i Phong ThÃ¡i DÃ¡ng Viá»‡t: ThÃ­ sinh cÃ³ phong cÃ¡ch trÃ¬nh diá»…n ná»•i báº­t
01 giáº£i QuÃ½ Ã”ng /  01 giáº£i  QuÃ½ CÃ´ DÃ¡ng Viá»‡t:  ThÃ­ sinh cÃ³ trang phá»¥c Ä‘áº¹p nháº¥t
01 giáº£i TÃ i NÄƒng DÃ¡ng Viá»‡t: ThÃ­ sinh cÃ³ pháº§n thi tÃ i nÄƒng xuáº¥t sáº¯c nháº¥t","uploads/1747912256_bg5.jpg","ÄOÃ€N THANH NIÃŠN"
"4","XÃ‰T CHá»ŒN DANH HIá»†U THANH NIÃŠN TIÃŠN TIáº¾N LÃ€M THEO Lá»œI BÃC NÄ‚M 2025","2025-05-09","Danh hiá»‡u â€œThanh niÃªn tiÃªn tiáº¿n lÃ m theo lá»i BÃ¡câ€ nháº±m phÃ¡t huy vÃ  vinh danh cÃ¡c cÃ¡ nhÃ¢n tiÃªu biá»ƒu trong  há»c táº­p vÃ  lÃ m theo tÆ° tÆ°á»Ÿng, Ä‘áº¡o Ä‘á»©c, phong cÃ¡ch Ä‘áº¡o Ä‘á»©c Chá»§ tá»‹ch Há»“ ChÃ­ Minh; táº¡o hiá»‡u á»©ng lan tá»a vÃ  áº£nh hÆ°á»Ÿng tÃ­ch cá»±c Ä‘áº¿n ViÃªn chá»©c, NgÆ°á»i lao Ä‘á»™ng vÃ  ÄoÃ n viÃªn, Sinh viÃªn toÃ n trÆ°á»ng.


â€“ CoÌ thaÌ€nh tiÌch tiÃªu biá»ƒu trong lao Ä‘Ã´Ì£ng, hoÌ£c tÃ¢Ì£p, cÃ´ng taÌc, reÌ€n luyÃªÌ£n táº¡i caÌc Ä‘iÌ£a phÆ°Æ¡ng, Ä‘Æ¡n viÌ£:
+ ViÃªn chá»©c, ngÆ°á»i lao Ä‘á»™ng pháº£i Ä‘Æ°á»£c Ä‘Ã¡nh giÃ¡ á»Ÿ má»©c hoÃ n thÃ nh tá»‘t nhiá»‡m vá»¥ trá»Ÿ lÃªn á»Ÿ ká»³ Ä‘Ã¡nh giÃ¡ gáº§n nháº¥t.
+ Sinh viÃªn pháº£i Ä‘áº¡t há»c lá»±c KhÃ¡ trá»Ÿ lÃªn trong 02 há»c kÃ¬ gáº§n nháº¥t.
â€“ TiÌch cÆ°Ì£c tham gia caÌc hoaÌ£t Ä‘Ã´Ì£ng ÄoaÌ€n, HÃ´Ì£i, ÄÃ´Ì£i, NhÃ³m; coÌ uy tiÌn vaÌ€ aÌ‰nh hÆ°Æ¡Ì‰ng tÃ´Ìt trong Ä‘oaÌ€n viÃªn, thanh thiÃªÌu niÃªn; Ä‘Æ°Æ¡Ì£c cÃ¢Ìp uÌ‰y, laÌƒnh Ä‘aÌ£o Ä‘Æ¡n viÌ£ ghi nhÃ¢Ì£n.
â€“ ThÃ nh tÃ­ch xÃ©t tá»« 01 thÃ¡ng 6 nÄƒm 2024 Ä‘áº¿n 10 thÃ¡ng 5 nÄƒm 2025.
â€“ TÃ­nh tá»›i thá»i Ä‘iá»ƒm xÃ©t tuyÃªn dÆ°Æ¡ng, cÃ¡ nhÃ¢n khÃ´ng quÃ¡ 35 tuá»•i.

* Æ¯u tiÃªn Ä‘á»‘i vá»›i cÃ¡ nhÃ¢n lÃ  cÃ¡n bá»™ ÄoÃ n â€“ Há»™i; khuyáº¿n khÃ­ch cÃ¡c gÆ°Æ¡ng tuyÃªn dÆ°Æ¡ng lÃ  â€œCÃ¡n bá»™ ÄoÃ n â€“ Há»™i tiÃªu biá»ƒuâ€, â€œCÃ¡n bá»™ tráº» biá»ƒu cáº¥p ÄHQGâ€, â€œSinh viÃªn 5 tá»‘tâ€ cÃ¡c nÄƒm trÆ°á»›c, cÃ¡c cÃ¡ nhÃ¢n Ä‘áº¡t giáº£i thÆ°á»Ÿng cao trong cÃ¡c ká»³ thi cáº¥p thÃ nh, quá»‘c gia, quá»‘c táº¿ trong cÃ¡c lÄ©nh vá»±câ€¦



Thá»i gian cÃ´ng tÃ¡c táº¡i trÆ°á»ng: tá»‘i thiá»ƒu 1 nÄƒm (Ä‘Æ°á»£c tÃ­nh tá»« thÃ¡ng 6/2024)

1. TIÃŠU CHÃ Äáº O Äá»¨C
â€“ Cháº¥p hÃ nh tá»‘t cÃ¡c chá»§ trÆ°Æ¡ng, Ä‘Æ°á»ng lá»‘i cá»§a Äáº£ng; chÃ­nh sÃ¡ch, phÃ¡p luáº­t cá»§a NhÃ  nÆ°á»›c; cÃ¡c quy Ä‘á»‹nh, ná»™i quy cá»§a ngÃ nh giÃ¡o dá»¥c vÃ  cá»§a nhÃ  trÆ°á»ng;
â€“ LÃ  táº¥m gÆ°Æ¡ng táº­n tá»¥y, gÆ°Æ¡ng máº«u vá» Ä‘áº¡o Ä‘á»©c, tÃ¡c phong, lá»‘i sá»‘ng cho Ä‘á»“ng nghiá»‡p vÃ  há»c viÃªn, sinh viÃªn noi theo;
â€“  Äáº¡t danh hiá»‡u â€œLao Ä‘á»™ng tiÃªn tiáº¿nâ€ trá»Ÿ lÃªn trong nÄƒm há»c gáº§n nháº¥t; Náº¿u lÃ  Äáº£ng viÃªn pháº£i Ä‘Æ°á»£c Ä‘Ã¡nh gia á»Ÿ má»©c hoÃ n thÃ nh tá»‘t nhiá»‡m vá»¥ nÄƒm 2024.

2. TIÃŠU CHÃ CHUYÃŠN MÃ”N

â®š Äá»‘i vá»›i giáº£ng viÃªn/trá»£ giáº£ng: Äáº¡t Ä‘Æ°á»£c Ã­t nháº¥t 01 trong cÃ¡c tiÃªu chuáº©n sau:
+ Tham gia Ã­t nháº¥t 01 cÃ´ng trÃ¬nh nghiÃªn cá»©u khoa há»c cÃ¡c cáº¥p Ä‘Ã£ Ä‘Æ°á»£c nghiá»‡m thu;
+ CÃ³ Ã­t nháº¥t 01 bÃ i nghiÃªn cá»©u Ä‘Æ°á»£c Ä‘Äƒng trong ká»· yáº¿u há»™i nghá»‹ khoa há»c cáº¥p khoa, cáº¥p trÆ°á»ng trá»Ÿ lÃªn lÃªn cÃ³ chá»‰ sá»‘ ISBN hoáº·c ISSN;
+ CÃ³ Ã­t nháº¥t 01 bÃ i viáº¿t nghiÃªn cá»©u khoa há»c Ä‘Æ°á»£c Ä‘Äƒng trÃªn táº¡p chÃ­ khoa há»c uy tÃ­n trong nÆ°á»›c, quá»‘c táº¿;
+ Trá»±c tiáº¿p hÆ°á»›ng dáº«n Ä‘á» tÃ i luáº­n vÄƒn tá»‘t nghiá»‡p hoáº·c Ä‘á» tÃ i nghiÃªn cá»©u khoa há»c cáº¥p trÆ°á»ng trá»Ÿ lÃªn cá»§a sinh viÃªn;
+ CÃ³ sÃ¡ng kiáº¿n cá»¥ thá»ƒ trong cáº£i tiáº¿n phÆ°Æ¡ng phÃ¡p giáº£ng dáº¡y, táº¡o sá»± chuyá»ƒn biáº¿n tÃ­ch cá»±c trong há»c táº­p cá»§a sinh viÃªn.

â®š Äá»‘i vá»›i cÃ¡n bá»™, chuyÃªn viÃªn: Äáº¡t Ä‘Æ°á»£c Ã­t nháº¥t 01 trong cÃ¡c tiÃªu chuáº©n sau:
+ CÃ³ Ã­t nháº¥t 01 sÃ¡ng kiáº¿n, hiáº¿n káº¿, Ä‘á» xuáº¥t giáº£i phÃ¡p cáº£i tiáº¿n quy trÃ¬nh nghiá»‡p vá»¥, nÃ¢ng cao hiá»‡u quáº£ cÃ´ng tÃ¡c chuyÃªn mÃ´n, Ä‘Ã£ Ä‘Æ°á»£c á»©ng dá»¥ng trong nÄƒm taÌ£i Ä‘Æ¡n viÌ£ Ä‘Æ°á»£c cÃ´ng nháº­n (cáº¥p trÆ°á»ng hoáº·c xÃ¡c nháº­n cá»§a lÃ£nh Ä‘áº¡o Ä‘Æ¡n vá»‹);
+ Tham gia vÃ  hoÃ n thÃ nh Ã­t nháº¥t má»™t khÃ³a Ä‘Ã o táº¡o chuyÃªn mÃ´n, nghiá»‡p vá»¥ phá»¥c cá»¥ cÃ´ng tÃ¡c cá»§a trÆ°á»ng vÃ  cÃ¡c tá»• chá»©c/Ä‘Æ¡n vá»‹ cÃ³ liÃªn quan (ngáº¯n háº¡n hoáº·c dÃ i háº¡n).

3. TIÃŠU CHÃ Cá»NG HIáº¾N
Äáº¡t Ä‘Æ°á»£c Ã­t nháº¥t 01 trong nhá»¯ng tiÃªu chuáº©n sau Ä‘Ã¢y:
â€“ Tham gia Ã­t nháº¥t 02 hoáº¡t Ä‘á»™ng phong trÃ o cá»§a ÄoÃ n cÆ¡ sá»Ÿ hoáº·c ÄoÃ n trÆ°á»ng hoáº·c CÃ´ng Ä‘oÃ n trÆ°á»ng phÃ¡t Ä‘á»™ng;
â€“ Tham gia Ã­t nháº¥t 01 hoáº¡t Ä‘á»™ng tÃ¬nh nguyá»‡n vÃ¬ cá»™ng Ä‘á»“ng; khÃ´ng tÃ­nh cÃ¡c hoáº¡t Ä‘á»™ng chá»‰ quyÃªn gÃ³p;
* Æ¯u tiÃªn cÃ¡c cÃ¡ nhÃ¢n Ä‘áº¡t danh hiá»‡u CÃ¡n bá»™ tráº» tiÃªu biá»ƒu biá»ƒu nÄƒm 2024.


1. TIÃŠU CHÃ RÃˆN LUYá»†N
â€“ Cháº¥p hÃ nh tá»‘t cÃ¡c chá»§ trÆ°Æ¡ng, Ä‘Æ°á»ng lá»‘i cá»§a Äáº£ng; chÃ­nh sÃ¡ch, phÃ¡p luáº­t cá»§a NhÃ  nÆ°á»›c; cÃ¡c quy Ä‘á»‹nh, ná»™i quy cá»§a ngÃ nh giÃ¡o dá»¥c vÃ  cá»§a nhÃ  trÆ°á»ng, khÃ´ng bá»‹ ká»· luáº­t, vi pháº¡m quy cháº¿ sinh viÃªn trÆ°á»ng.
â€“ Äiá»ƒm rÃ¨n luyá»‡n há»c ká»³ gáº§n nháº¥t (há»c kÃ¬ I nÄƒm há»c 2024 â€“ 2025) Ä‘áº¡t tá»« 80 Ä‘iá»ƒm trá»Ÿ lÃªn.

2. TIÃŠU CHÃ Há»ŒC Táº¬P
â€“ Äiá»ƒm trung bÃ¬nh há»c 02 há»c ká»³ gáº§n nháº¥t Ä‘áº¡t tá»« 70/100 trá»Ÿ lÃªn (XÃ©t 01 há»c kÃ¬ Ä‘á»‘i vá»›i SV nÄƒm 1);
â€“ TrÃ¬nh Ä‘á»™ ngoáº¡i ngá»¯ (yÃªu cáº§u Ä‘á»‘i vá»›i sinh viÃªn nÄƒm 3 trá»Ÿ lÃªn):
 + HoÃ n thÃ nh lá»›p tiáº¿ng anh AE2.
 + Sinh viÃªn cÃ³ thá»ƒ ná»™p cÃ¡c loáº¡i chá»©ng chá»‰ tiáº¿ng Anh tÆ°Æ¡ng Ä‘Æ°Æ¡ng IELTS 6.0 (thi thá»­ hoáº·c chÃ­nh thá»©c).

3. TIÃŠU CHÃ Cá»NG HIáº¾N
â€“ Tham gia tÃ­ch cá»±c hoáº¡t Ä‘á»™ng ngoáº¡i khÃ³a/ hoáº¡t Ä‘á»™ng nghiÃªn cá»©u khoa há»c. Äáº¡t Ä‘Æ°á»£c Ã­t nháº¥t 02 trong sá»‘ nhá»¯ng tiÃªu chuáº©n sau Ä‘Ã¢y:
(1) LÃ  UVBCH ÄoÃ n â€“ Há»™i Khoa/BM trá»Ÿ lÃªn, ThÃ nh viÃªn BCN cÃ¡c CLB Äá»™i/NhÃ³m;
(2) Tham gia thi Ã­t nháº¥t 01 cuá»™c thi há»c thuáº­t/ cuá»™c thi ká»¹ nÄƒng tá»« cáº¥p Khoa trá»Ÿ lÃªn hoáº·c tham gia NghiÃªn cá»©u khoa há»c cÃ¡c cáº¥p. (CÃ³ giáº¥y xÃ¡c nháº­n cá»§a BTC);
(3) Tham gia chiáº¿n dá»‹ch XuÃ¢n tÃ¬nh nguyá»‡n hoáº·c MÃ¹a hÃ¨ xanh hoáº·c 02 hoáº¡t Ä‘á»™ng tÃ¬nh nguyá»‡n khÃ¡c;
(4) Tham gia Ã­t nháº¥t 02 hoáº¡t Ä‘á»™ng ngoáº¡i khÃ³a cÃ¡c cáº¥p (khÃ´ng tÃ­nh hoáº¡t Ä‘á»™ng tÃ¬nh nguyá»‡n nÃªu trÃªn). VD: hoáº¡t Ä‘á»™ng giao lÆ°u vÄƒn hÃ³a, thá»ƒ thao, cÃ¡c há»™i tháº£o ká»¹ nÄƒng, cuá»™c thi tÃ¬m hiá»ƒu kiáº¿n thá»©c;â€¦
(5) LÃ  thÃ nh viÃªn Ban tá»• chá»©c 02 chÆ°Æ¡ng trÃ¬nh cáº¥p CLB/Cáº¥p Khoa trá»Ÿ lÃªn (cÃ³ giáº¥y xÃ¡c nháº­n cá»§a TrÆ°á»Ÿng ban Tá»• chá»©c hoáº·c Ä‘Æ¡n vá»‹ trá»±c thuá»™c).

* NgoÃ i ra, tÃ¹y vÃ o nhá»¯ng thÃ nh tÃ­ch ná»•i báº­t khÃ¡c cá»§a cÃ¡c cÃ¡ nhÃ¢n mÃ  Ban ThÆ°á»ng Vá»¥ ÄoÃ n trÆ°á»ng sáº½ Ä‘á» cá»­ hoáº·c xem xÃ©t trong nhá»¯ng trÆ°á»ng há»£p Ä‘áº·c biá»‡t.


1. CÃ¡c lÄ©nh vá»±c xÃ©t trao :
1.1 Äá»‘i vá»›i Sinh viÃªn:
â€“ Thanh niÃªn tiÃªn tiáº¿n lÃ m theo lá»i BÃ¡c Ä‘iá»ƒn hÃ¬nh trong há»c táº­p â€“ nghiÃªn cá»©u khoa há»c;
â€“ Thanh niÃªn tiÃªn tiáº¿n lÃ m theo lá»i BÃ¡c Ä‘iá»ƒn hÃ¬nh trong hoáº¡t Ä‘á»™ng VÄƒn â€“ Thá»ƒ â€“ Má»¹;
â€“ Thanh niÃªn tiÃªn tiáº¿n lÃ m theo lá»i BÃ¡c Ä‘iá»ƒn hÃ¬nh trong hoáº¡t Ä‘á»™ng cá»™ng Ä‘á»“ng;
â€“ Thanh niÃªn tiÃªn tiáº¿n lÃ m theo lá»i BÃ¡c Ä‘iá»ƒn hÃ¬nh trong hoáº¡t Ä‘á»™ng há»™i nháº­p.
1.2 Äá»‘i vá»›i ViÃªn chá»©c, ngÆ°á»i lao Ä‘á»™ng:
â€“ Thanh niÃªn tiÃªn tiáº¿n lÃ m theo lá»i BÃ¡c Ä‘iá»ƒn hÃ¬nh trong nghiÃªn cá»©u khoa há»c;
â€“ Thanh niÃªn tiÃªn tiáº¿n lÃ m theo lá»i BÃ¡c Ä‘iá»ƒn hÃ¬nh trong hoáº¡t Ä‘á»™ng VÄƒn â€“ Thá»ƒ â€“ Má»¹;
â€“ Thanh niÃªn tiÃªn tiáº¿n lÃ m theo lá»i BÃ¡c Ä‘iá»ƒn hÃ¬nh trong hoáº¡t Ä‘á»™ng cá»™ng Ä‘á»“ng;
â€“ Thanh niÃªn tiÃªn tiáº¿n lÃ m theo lá»i BÃ¡c Ä‘iá»ƒn hÃ¬nh trong quáº£n lÃ½, phá»¥c vá»¥.
2. Äá»‘i tÆ°á»£ng â€“ Sá»‘ lÆ°á»£ng:  
2.1. Äá»‘i tÆ°á»£ng Ä‘Æ°Æ¡ng nhiÃªn: ViÃªn chá»©c, NgÆ°á»i lao Ä‘á»™ng, Sinh viÃªn Ä‘Æ°á»£c trao cÃ¡c giáº£i thÆ°á»Ÿng cÃ¡ nhÃ¢n cáº¥p quá»‘c gia trá»Ÿ lÃªn sáº½ Ä‘Æ°á»£c xÃ©t lÃ  Thanh niÃªn tiÃªn tiáº¿n lÃ m theo lá»i BÃ¡c Ä‘iá»ƒn hÃ¬nh á»Ÿ háº¡ng má»¥c tÆ°Æ¡ng á»©ng vá»›i giáº£i thÆ°á»Ÿng Ä‘Æ°á»£c trao.
2.2. Äá»‘i tÆ°á»£ng Ä‘Äƒng kÃ½ xÃ©t chá»n: CÃ¡ nhÃ¢n Ä‘Æ°á»£c xÃ©t trao danh hiá»‡u TNTT lÃ m theo lá»i BÃ¡c Ä‘iá»ƒn hÃ¬nh pháº£i Ä‘áº¡t danh hiá»‡u â€œThanh niÃªn tiÃªn tiáº¿n lÃ m theo lá»i BÃ¡c trÆ°á»ng ÄH Quá»‘c táº¿â€ nÄƒm 2025 vÃ  Ä‘áº£m báº£o cÃ¡c tiÃªu chuáº©n quy Ä‘á»‹nh (Xem chi tiáº¿t bÃªn dÆ°á»›i)
2.3. Sá»‘ lÆ°á»£ng:
â€“ LÄ©nh vá»±c há»c táº­p, nghiÃªn cá»©u khoa há»c: khÃ´ng quÃ¡ 05 gÆ°Æ¡ng Ä‘iá»ƒn hÃ¬nh.
â€“ CÃ¡c lÄ©nh vá»±c cÃ²n láº¡i: má»—i lÄ©nh vá»±c khÃ´ng quÃ¡ 03 gÆ°Æ¡ng Ä‘iá»ƒn hÃ¬nh.
â€“ Má»—i cÃ¡c nhÃ¢n chá»‰ Ä‘Æ°á»£c Ä‘Äƒng kÃ½ xÃ©t chá»n Ä‘iá»ƒn hÃ¬nh trÃªn 01 lÄ©nh vá»±c.
3. Quy Ä‘á»‹nh vá» tiÃªu chuáº©n Ä‘áº¡t danh hiá»‡u thanh niÃªn tiÃªn tiáº¿n lÃ m theo lá»i BÃ¡c Ä‘iá»ƒn hÃ¬nh:
â€“ Má»—i lÄ©nh vá»±c cÃ³ cÃ¡c tiÃªu chuáº©n cá»¥ thá»ƒ Ä‘á»ƒ thá»ƒ hiá»‡n sá»± tiÃªu biá»ƒu, Ä‘iá»ƒn hÃ¬nh cá»§a cÃ¡ nhÃ¢n Ä‘Æ°á»£c khen thÆ°á»Ÿng á»Ÿ lÄ©nh vá»±c Ä‘Ã³;
â€“ Má»—i thÃ nh tÃ­ch Ä‘Æ°á»£c quy Ä‘á»‹nh vá»›i má»©c Ä‘iá»ƒm tÆ°Æ¡ng Ä‘Æ°Æ¡ng; cÃ¡ nhÃ¢n Ä‘áº¡t danh hiá»‡u thanh niÃªn tiÃªn tiáº¿n lÃ m theo lá»i BÃ¡c Ä‘iá»ƒn hÃ¬nh pháº£i Ä‘áº¡t sá»‘ Ä‘iá»ƒm tá»‘i thiá»ƒu Ä‘Æ°á»£c quy Ä‘á»‹nh cá»§a lÄ©nh vá»±c xÃ©t vÃ  trao theo danh sÃ¡ch cÃ¡ nhÃ¢n cÃ³ sá»‘ Ä‘iá»ƒm tá»« cao xuá»‘ng tháº¥p.
â€“ Trong trÆ°á»ng há»£p khÃ´ng cÃ³ cÃ¡ nhÃ¢n Ä‘á»§ Ä‘iá»u kiá»‡n Ä‘áº¡t danh hiá»‡u thanh niÃªn tiÃªn tiáº¿n lÃ m theo lá»i BÃ¡c Ä‘iá»ƒn hÃ¬nh trong lÄ©nh vá»±c nÃ o thÃ¬ khÃ´ng trao lÄ©nh vá»±c Ä‘Ã³.



TNTT lÃ m theo lá»i BÃ¡c Ä‘iá»ƒn hÃ¬nh trong há»c táº­p â€“ nghiÃªn cá»©u khoa há»c
1. Thanh niÃªn tiÃªn tiáº¿n lÃ m theo lá»i BÃ¡c Ä‘iá»ƒn hÃ¬nh trong há»c táº­p â€“ nghiÃªn cá»©u khoa há»c
â€“ Äiá»ƒm há»c táº­p:
+ Äiá»ƒm há»c táº­p GPA 2 há»c ká»³ gáº§n nháº¥t 80 â‰¤ GPA â‰¤ 90: 1 Ä‘iá»ƒm.
+ Äiá»ƒm há»c táº­p GPA 2 há»c ká»³ gáº§n nháº¥t 90 â‰¤ GPA â‰¤ 100: 1.5 Ä‘iá»ƒm.
â€“ Tham gia vÃ  Ä‘áº¡t giáº£i cÃ¡c cuá»™c thi há»c thuáº­t, khá»Ÿi nghiá»‡p, Ã½ tÆ°á»Ÿng sÃ¡ng táº¡o (tá»« giáº£i 3 trá»Ÿ lÃªn):
+ Cáº¥p trÆ°á»ng : 1 Ä‘iá»ƒm/giáº£i.
+ Cáº¥p ÄHQG : 1.5 Ä‘iá»ƒm/giáº£i.
+ Cáº¥p ThÃ nh phá»‘: 2 Ä‘iá»ƒm/giáº£i.
+ Cáº¥p Trung Æ°Æ¡ng (khu vá»±c): 3 Ä‘iá»ƒm/giáº£i.
â€“ Tham gia cÃ¡c cuá»™c thi há»c thuáº­t, khá»Ÿi nghiá»‡p, Ã½ tÆ°á»Ÿng sÃ¡ng táº¡o vÃ  Ä‘áº¡t giáº£i cáº¥p Quá»‘c táº¿:
+ Tham gia vÃ  Ä‘áº¡t giáº£i cÃ¡ nhÃ¢n: 3 Ä‘iá»ƒm/giáº£i.
+ ThÃ nh viÃªn Ä‘á»™i tham gia vÃ  Ä‘áº¡t giáº£i: 2 Ä‘iá»ƒm/giáº£i.
â€“ CÃ³ tham gia Ä‘á» tÃ i NCKH cÃ¡c cáº¥p:
+ Cáº¥p trÆ°á»ng : 1 Ä‘iá»ƒm/Ä‘á» tÃ i.
+ Cáº¥p ÄHQG : 2 Ä‘iá»ƒm/Ä‘á» tÃ i.
+ Cáº¥p tá»‰nh, cáº¥p bá»™: 3 Ä‘iá»ƒm/Ä‘á» tÃ i.
â€“ LÃ  tÃ¡c giáº£ hoáº·c Ä‘á»“ng tÃ¡c giáº£ cá»§a cÃ¡c bÃ i bÃ¡o khoa há»c táº¡i cÃ¡c táº¡p chÃ­ chuyÃªn ngÃ nh trong nÆ°á»›c vÃ  quá»‘c táº¿: 2.5 Ä‘iá»ƒm/ bÃ i.
â€“ CÃ³ tham luáº­n Ä‘Æ°á»£c trÃ¬nh bÃ y/giá»›i thiá»‡u trong cÃ¡c tá»a Ä‘Ã m, há»™i tháº£o, há»™i nghá»‹ nghiÃªn cá»©u khoa há»c quá»‘c táº¿: 1.5 Ä‘iá»ƒm/ láº§n.
â€“ CÃ³ tham luáº­n Ä‘Æ°á»£c trÃ¬nh bÃ y/giá»›i thiá»‡u trong cÃ¡c tá»a Ä‘Ã m, há»™i tháº£o, há»™i nghá»‹ nghiÃªn cá»©u khoa há»c trong nÆ°á»›c: 1 Ä‘iá»ƒm/láº§n.
â€“ Äiá»ƒm xÃ©t danh hiá»‡u: tá»‘i thiá»ƒu 5 Ä‘iá»ƒm

** Sinh viÃªn Ä‘áº¡t danh hiá»‡u Sao thÃ¡ng GiÃªng, Äáº£ng viÃªn tráº» tiÃªu biá»ƒu tá»« cáº¥p trÆ°á»ng trá»Ÿ lÃªn, Sinh viÃªn 5 tá»‘t tá»« cáº¥p ÄHQG-HCM trá»Ÿ lÃªn: 0.5 Ä‘iá»ƒm (tÃ­nh cho táº¥t cáº£ cÃ¡c lÄ©nh vá»±c).

TNTT lÃ m theo lá»i BÃ¡c Ä‘iá»ƒn hÃ¬nh trong hoáº¡t Ä‘á»™ng VÄƒn â€“ Thá»ƒ - Má»¹
TNTT lÃ m theo lá»i BÃ¡c Ä‘iá»ƒn hÃ¬nh trong hoáº¡t Ä‘á»™ng cá»™ng Ä‘á»“ng
TNTT lÃ m theo lá»i BÃ¡c Ä‘iá»ƒn hÃ¬nh trong hoáº¡t Ä‘á»™ng há»™i nháº­p

TNTT lÃ m theo lá»i BÃ¡c Ä‘iá»ƒn hÃ¬nh trong nghiÃªn cá»©u khoa há»c
1. Thanh niÃªn tiÃªn tiáº¿n lÃ m theo lá»i BÃ¡c Ä‘iá»ƒn hÃ¬nh trong nghiÃªn cá»©u khoa há»c
â€“ ÄÆ°á»£c Ä‘Ã¡nh giÃ¡ xáº¿p loáº¡i hoÃ n thÃ nh xuáº¥t sáº¯c nhiá»‡m vá»¥ trong nÄƒm: 2 Ä‘iá»ƒm
â€“ Tham gia vÃ  Ä‘áº¡t giáº£i cÃ¡c cuá»™c thi liÃªn quan chuyÃªn mÃ´n, chuyÃªn ngÃ nh (tá»« giáº£i 3 trá»Ÿ lÃªn):
+ Cáº¥p trÆ°á»ng : 1 Ä‘iá»ƒm/giáº£i.
+ Cáº¥p ÄHQG : 1.5 Ä‘iá»ƒm/giáº£i.
+ Cáº¥p ThÃ nh phá»‘: 2 Ä‘iá»ƒm/giáº£i.
+ Cáº¥p Trung Æ°Æ¡ng (khu vá»±c): 3 Ä‘iá»ƒm/giáº£i.
â€“ ThÃ nh tá»±u nghiÃªn cá»©u khoa há»c. Äiá»ƒm tÃ­nh theo Ä‘iá»ƒm tÃ­ch lÅ©y NCKH táº¡i trÆ°á»ng (theo quy Ä‘á»‹nh cá»§a trÆ°á»ng): Äiá»ƒm tá»« há»‡ thá»‘ng quáº£n lÃ½ thÃ nh tÃ­ch NCKH.

â€“ Äiá»ƒm xÃ©t danh hiá»‡u: tá»‘i thiá»ƒu 3 Ä‘iá»ƒm

** CÃ¡n bá»™, Giáº£ng viÃªn Ä‘áº¡t danh hiá»‡u Äáº£ng viÃªn tráº» tiÃªu biá»ƒu cáº¥p trÆ°á»ng trá»Ÿ lÃªn, CÃ¡n bá»™ tráº» tiÃªu biá»ƒu cáº¥p trÆ°á»ng trá»Ÿ lÃªn: 0.5 Ä‘iá»ƒm (tÃ­nh cho táº¥t cáº£ cÃ¡c lÄ©nh vá»±c).

TNTT lÃ m theo lá»i BÃ¡c Ä‘iá»ƒn hÃ¬nh trong hoáº¡t Ä‘á»™ng VÄƒn â€“ Thá»ƒ - Má»¹
TNTT lÃ m theo lá»i BÃ¡c Ä‘iá»ƒn hÃ¬nh trong hoáº¡t Ä‘á»™ng cá»™ng Ä‘á»“n","uploads/1747908057_bg1.jpg","ÄOÃ€N THANH NIÃŠN"
"5","BT GREEN CODE 2025","2025-05-24","Cuá»™c thi gá»“m 3 vÃ²ng thi vá»›i ná»™i dung Ä‘a dáº¡ng, káº¿t há»£p giá»¯a kiáº¿n thá»©c chuyÃªn mÃ´n, ká»¹ nÄƒng thiáº¿t káº¿ vÃ  tranh biá»‡n há»c thuáº­t. Cá»¥ thá»ƒ:

VÃ’NG 1: Æ¯Æ M Máº¦M
â€“ Thá»i gian Ä‘Äƒng kÃ½: Tá»« ngÃ y 19/5/2025 Ä‘áº¿n háº¿t ngÃ y 24/5/2025
â€“ HÃ¬nh thá»©c Ä‘Äƒng kÃ½: Theo nhÃ³m 3 sinh viÃªn (khÃ´ng giá»›i háº¡n Khoa/Bá»™ mÃ´n)
â€“ Thá»i gian thi: 16h30 ngÃ y 26/5/2025
â€“ HÃ¬nh thá»©c thi: LÃ m bÃ i tráº¯c nghiá»‡m kiáº¿n thá»©c trÃªn Google Form, tá»• chá»©c trá»±c tiáº¿p táº¡i trÆ°á»ng (phÃ²ng thi sáº½ Ä‘Æ°á»£c Ban tá»• chá»©c cáº­p nháº­t sau)
â€“ Pháº¡m vi chá»§ Ä‘á»: CÃ¡c kiáº¿n thá»©c Ä‘áº¡i cÆ°Æ¡ng liÃªn quan Ä‘áº¿n CÃ´ng nghá»‡ Sinh há»c, CÃ´ng nghá»‡ Thá»±c pháº©m, HÃ³a sinh, vÃ  PhÃ¡t triá»ƒn bá»n vá»¯ng
â€“ Káº¿t quáº£: 6 Ä‘á»™i cÃ³ sá»‘ Ä‘iá»ƒm cao nháº¥t sáº½ Ä‘Æ°á»£c chá»n vÃ o VÃ²ng 2

VÃ’NG 2: VÆ¯Æ N MÃŒNH
â€“ Thá»i gian ná»™p bÃ i: Tá»« ngÃ y 27/5/2025 Ä‘áº¿n 31/5/2025
â€“ Ná»™i dung: CÃ¡c Ä‘á»™i thiáº¿t káº¿ infographic dá»±a trÃªn chá»§ Ä‘á» Ä‘Æ°á»£c cÃ´ng bá»‘ sau VÃ²ng 1
â€“ Thá»i gian bÃ¬nh chá»n: Tá»« 1/6/2025 Ä‘áº¿n 12/6/2025 (bÃ¬nh chá»n online trÃªn ná»n táº£ng Facebook)
â€“ CÃ¡ch tÃ­nh Ä‘iá»ƒm: 70% Ä‘iá»ƒm tá»« Ban giÃ¡m kháº£o vÃ  30% Ä‘iá»ƒm tá»« lÆ°á»£t bÃ¬nh chá»n
â€“ Káº¿t quáº£: 4 Ä‘á»™i cÃ³ tá»•ng Ä‘iá»ƒm cao nháº¥t sáº½ vÃ o VÃ²ng 3

VÃ’NG 3: Tá»A SÃNG
â€“ Thá»i gian diá»…n ra: Dá»± kiáº¿n 8h15, ngÃ y 23/6/2025
â€“ HÃ¬nh thá»©c:
       + Má»—i Ä‘á»™i sáº½ trÃ¬nh bÃ y infographic cá»§a mÃ¬nh trong vÃ²ng 5 phÃºt.
       + CÃ¡c Ä‘á»™i sáº½ tham gia tranh biá»‡n (debate) Ä‘á»ƒ báº£o vá»‡ Ã½ tÆ°á»Ÿng vÃ  pháº£n biá»‡n láº¡i infographic cá»§a Ä‘á»™i khÃ¡c.
       + Thá»© tá»± trÃ¬nh bÃ y vÃ  Ä‘á»‘i tÆ°á»£ng tranh biá»‡n sáº½ Ä‘Æ°á»£c bá»‘c thÄƒm ngáº«u nhiÃªn, Ä‘áº£m báº£o tÃ­nh minh báº¡ch vÃ  cÃ´ng báº±ng.
â€“ Káº¿t quáº£: Ban giÃ¡m kháº£o sáº½ cháº¥m Ä‘iá»ƒm trá»±c tiáº¿p táº¡i vÃ²ng thi Ä‘á»ƒ tÃ¬m ra Ä‘á»™i Ä‘á»™i chiáº¿n tháº¯ng chung cuá»™c.

Cuá»™c thi há»c thuáº­t BT GREEN CODE 2025 gá»“m 5 giáº£i thÆ°á»Ÿng háº¥p dáº«n:
â€“ Giáº£i Nháº¥t: 2.000.000 VNÄ
â€“ Giáº£i NhÃ¬: 1.300.000 VNÄ
â€“ Giáº£i Ba: 900.000 VNÄ
â€“ Giáº£i Khuyáº¿n khÃ­ch: 600.000 VNÄ
â€“ Giáº£i Äá»™i Ä‘Æ°á»£c yÃªu thÃ­ch nháº¥t: 200.000 VNÄ

Khi tham gia cuá»™c thi há»c thuáº­t BT GREEN CODE 2025, cÃ¡c báº¡n sinh viÃªn cÃ³ cÆ¡ há»™i:
â€“ á»¨ng dá»¥ng kiáº¿n thá»©c Ä‘Ã£ há»c Ä‘á»ƒ giáº£i quyáº¿t cÃ¡c váº¥n Ä‘á» thá»±c tiá»…n.
â€“ RÃ¨n luyá»‡n ká»¹ nÄƒng lÃ m viá»‡c nhÃ³m, thiáº¿t káº¿ infographic, tÆ° duy pháº£n biá»‡n, trÃ¬nh bÃ y vÃ  báº£o vá»‡ quan Ä‘iá»ƒm.
â€“ Giao lÆ°u â€“ há»c há»i â€“ káº¿t ná»‘i báº¡n bÃ¨ cÃ³ cÃ¹ng Ä‘am mÃª.
â€“ Nháº­n Giáº¥y chá»©ng nháº­n tá»« Ban Tá»• chá»©c (Ä‘á»‘i vá»›i cÃ¡c thÃ­ sinh thá»±c hiá»‡n Ä‘Ãºng thá»ƒ lá»‡).
â€“ Cá»™ng Ä‘iá»ƒm rÃ¨n luyá»‡n theo quy Ä‘á»‹nh cá»§a NhÃ  trÆ°á»ng.
â€“ CÆ¡ há»™i nháº­n giáº£i thÆ°á»Ÿng hiá»‡n kim háº¥p dáº«n.

Cuá»™c thi BT GREEN CODE 2025 khÃ´ng chá»‰ lÃ  nÆ¡i Ä‘á»ƒ báº¡n Ã´n luyá»‡n vÃ  cá»§ng cá»‘ kiáº¿n thá»©c, mÃ  cÃ²n lÃ  má»™t bá»‡ phÃ³ng giÃºp phÃ¡t triá»ƒn toÃ n diá»‡n ká»¹ nÄƒng â€“ tá»« chuyÃªn mÃ´n há»c thuáº­t Ä‘áº¿n kháº£ nÄƒng lÃ m viá»‡c chuyÃªn nghiá»‡p trong tÆ°Æ¡ng lai.

HÃ£y nhanh tay Ä‘Äƒng kÃ½ vÃ  trá»Ÿ thÃ nh má»™t pháº§n cá»§a hÃ nh trÃ¬nh BT GREEN CODE 2025!","uploads/1747910614_bg2.jpg","BTYU"
"6","Äáº I Há»˜I Äáº I BIá»‚U Há»˜I SINH VIÃŠN VIá»†T NAM KHOA Ká»¸ THUáº¬T Y SINH NHIá»†M Ká»² 2025-2028","2025-05-19","Äáº¡i há»™i Äáº¡i biá»ƒu Há»™i Sinh viÃªn Viá»‡t Nam Khoa Ká»¹ Thuáº­t Y Sinh nhiá»‡m ká»³ 2025â€“2028 Ä‘Ã£ diá»…n ra thÃ nh cÃ´ng tá»‘t Ä‘áº¹p, Ä‘Ã¡nh dáº¥u má»™t cá»™t má»‘c quan trá»ng trong cÃ´ng tÃ¡c Há»™i vÃ  phong trÃ o sinh viÃªn cá»§a Khoa.

ğŸ“ŒTáº¡i Äáº¡i há»™i, cÃ¡c Ä‘áº¡i biá»ƒu Ä‘Ã£ cÃ¹ng nhau nhÃ¬n láº¡i hÃ nh trÃ¬nh cá»‘ng hiáº¿n Ä‘áº§y nhiá»‡t huyáº¿t cá»§a Ban Cháº¥p hÃ nh LiÃªn Chi Há»™i nhiá»‡m ká»³ 2023â€“2025, tá»•ng káº¿t nhá»¯ng káº¿t quáº£ ná»•i báº­t, Ä‘á»“ng thá»i tháº³ng tháº¯n nhÃ¬n nháº­n nhá»¯ng háº¡n cháº¿ cáº§n cáº£i thiá»‡n. TrÃªn ná»n táº£ng Ä‘Ã³, phÆ°Æ¡ng hÆ°á»›ng hoáº¡t Ä‘á»™ng cho nhiá»‡m ká»³ má»›i 2025â€“2028 Ä‘Ã£ Ä‘Æ°á»£c thá»‘ng nháº¥t, vá»›i khÃ¡t vá»ng Ä‘á»•i má»›i, phÃ¡t triá»ƒn vÃ  há»™i nháº­p máº¡nh máº½ hÆ¡n.

Äáº·c biá»‡t táº¡i Äáº¡i há»™i, LiÃªn Chi Há»™i Sinh viÃªn Khoa Ká»¹ Thuáº­t Y Sinh Ä‘Ã£ ra máº¯t Ban Cháº¥p hÃ nh nhiá»‡m ká»³ 2025â€“2028 â€“ nhá»¯ng gÆ°Æ¡ng máº·t Ä‘áº¡i diá»‡n cho tinh tháº§n â€œDÃ¡m nghÄ© lá»›n â€“ DÃ¡m lÃ m khÃ¡c â€“ DÃ¡m dáº«n Ä‘áº§uâ€œ, tiáº¿p ná»‘i ngá»n lá»­a nhiá»‡t huyáº¿t, sáºµn sÃ ng Ä‘Æ°a phong trÃ o sinh viÃªn cá»§a Khoa ngÃ y cÃ ng phÃ¡t triá»ƒn máº¡nh máº½.

ğŸ’ Xin gá»­i lá»i cáº£m Æ¡n chÃ¢n thÃ nh Ä‘áº¿n cÃ¡c quÃ½ Ä‘áº¡i biá»ƒu, quÃ½ tháº§y cÃ´ vÃ  toÃ n thá»ƒ sinh viÃªn Khoa Ká»¹ Thuáº­t Y Sinh Ä‘Ã£ Ä‘á»“ng hÃ nh vÃ  gÃ³p pháº§n táº¡o nÃªn thÃ nh cÃ´ng cho Äáº¡i há»™i láº§n nÃ y. Äá»“ng thá»i, trÃ¢n trá»ng ghi nháº­n nhá»¯ng ná»— lá»±c khÃ´ng ngá»«ng nghá»‰ cá»§a Ban Cháº¥p hÃ nh nhiá»‡m ká»³ 2023â€“2025 â€“ nhá»¯ng ngÆ°á»i Ä‘Ã£ Ä‘áº·t ná»n mÃ³ng vá»¯ng cháº¯c cho giai Ä‘oáº¡n phÃ¡t triá»ƒn tiáº¿p theo.

ğŸ”¥ Má»™t láº§n ná»¯a, chÃºc Ban Cháº¥p hÃ nh nhiá»‡m ká»³ 2025â€“2028 luÃ´n vá»¯ng vÃ ng, sÃ¡ng táº¡o vÃ  nhiá»‡t huyáº¿t trÃªn hÃ nh trÃ¬nh má»›i. CÃ¹ng nhau, chÃºng ta sáº½ viáº¿t tiáº¿p nhá»¯ng trang vÃ ng cho LiÃªn Chi Há»™i Sinh viÃªn Khoa Ká»¹ Thuáº­t Y Sinh","uploads/1747912532_bg6.jpg","ÄoÃ n Khoa â€“ LCH Khoa Ká»¹ thuáº­t "
"7","Tá»”NG Káº¾T CHÆ¯Æ NG TRÃŒNH Ã‚M NHáº C ONLINE â€ GCâ€™S LIVE SESSIONSâ€","2025-05-17","Sau má»™t khoáº£ng thá»i gian áº¥p á»§ vÃ  chuáº©n bá»‹ ká»¹ cÃ ng thÃ¬ IU Guitarclub nay Ä‘Ã£ quay trá»Ÿ láº¡i vá»›i series Ã¢m nháº¡c online GCâ€™S LIVE SESSIONS. ChÆ°Æ¡ng trÃ¬nh Ä‘Æ°á»£c diá»…n ra dÆ°á»›i dáº¡ng cÃ¡c video Ã¢m nháº¡c xuáº¥t hiá»‡n trÃªn IU Guitarclub Fanpage ra tá»« ngÃ y 16.4 â€“ 6.5
Chuyáº¿n hÃ nh trÃ¬nh tÃ¬m vá» nhá»¯ng quÃ¡ khá»© ngá»§ quÃªn cÅ©ng giá»‘ng nhÆ° Ä‘ang xem láº¡i nhá»¯ng thÆ°á»›c phim Ä‘Ã£ cÅ©. HÃ£y cÃ¹ng GC tua láº¡i vÃ i máº£nh kÃ­ á»©c hoÃ i niá»‡m, nhá»¯ng Ä‘á»“ váº­t tuá»•i thÆ¡ quen thuá»™c vÃ  láº¯ng nghe bÃ i nháº¡c Ä‘Ã£ phai mÃ u cá»§a thá»i gian. á» Ä‘iá»ƒm cuá»‘i cá»§a cháº·ng Ä‘Æ°á»ng kÃ­ á»©c, Gá» XÃª Ä‘Ã£ chuáº©n bá»‹ má»™t mÃ³n quÃ  vÃ´ cÃ¹ng bÃ­ áº©n, cÃ¹ng Ä‘oÃ¡n xem si rá»‹t Ä‘áº·c biá»‡t nÃ y lÃ  gÃ¬ nÃ ooo.

âœ¦ GCâ€™S LIVE SESSIONS #1 â€“ Láº®NG NGHE THANH Ã‚M Cá»¦A KÃ á»¨C

Má»—i cÃº báº¥m mÃ¡y, má»—i bá»©c áº£nh Ä‘Æ°á»£c chá»¥p láº¡i, lÃ  nhá»¯ng nÄƒm thÃ¡ng há»“n nhiÃªn Ä‘ang Ä‘Æ°á»£c gÃ³i gá»n vÃ o má»™t khung hÃ¬nh nhá» bÃ©. Má»—i má»™t mÃ³n Ä‘á»“, má»—i má»™t táº¥m áº£nh, mÃ  cÃ²n lÃ  má»™t máº£nh kÃ½ á»©c cÅ© sá»‘ng dáº­y, trÃ´ng cÅ© Ä‘áº¿n quen, trÃ´ng tháº­t Ä‘áº¿n láº¡.
TrÃªn cháº·ng Ä‘Æ°á»ng tÃ¬m vá» nhá»¯ng nÆ¡i quÃ¡ khá»© cÅ©, Ã¢m nháº¡c tá»« má»™t quÃ¡n cÃ  phÃª nhá» nhÆ° má»Ÿ ra cáº£ má»™t vÃ¹ng trá»i ká»‰ niá»‡m cá»§a tuá»•i thÆ¡. LÃ  nhá»¯ng chiá»u â€œMÆ°a Há»“ngâ€ Ä‘áº§y tiáº¿ng cÆ°á»i vÃ  náº¯ng áº¥m, lÃ  nhá»¯ng ngÃ y rong chÆ¡i nhÆ° tráº» nhá» trong trÃ­ Ã³c vÃ´ tÆ°
Ngay hÃ´m nay, ngay lÃºc nÃ y, hÃ£y tÃ¡i hiá»‡n láº¡i nhá»¯ng â€œRá»±c rá»¡ thÃ¡ng nÄƒmâ€ áº¥y má»™t láº§n ná»¯a, báº±ng chÃ­nh Ã¢m nháº¡c cá»§a Gá» XÃª nhÃ©! CÃ¹ng thÆ°á»Ÿng thá»©c nhá»¯ng hoÃ i niá»‡m cá»§a quÃ¡ khá»© qua lÃ¡ thÆ° tÃ¬nh cá»§a Gá» XÃª â€œGCâ€™S LIVE SESSIONS #1â€ Ä‘Æ°á»£c thá»ƒ hiá»‡n bá»Ÿi cÃ¡c báº¡n PhÃºc Lá»£i, HÃ  PhÆ°Æ¡ng, Ngá»c Minh, Duy Khang, PhÆ°á»›c NguyÃªn, Tuyáº¿t Quá»³nh, Thanh Tháº£o, Minh Báº£o, BÃ¬nh Minh vÃ  Trá»ng ÄÄƒng.
âœ¦ GCâ€™S LIVE SESSIONS #2 â€“ THáº¢ MÃŒNH TRONG Ã‚M NHáº C Cá»¦A QUÃ KHá»¨
Tiáº¿ng cassette láº¡ch cáº¡ch, Ã¢m thanh quen thuá»™c thÆ°á»ng Ä‘Æ°a ngÆ°á»i nghe vá» nhá»¯ng thÃ¡ng ngÃ y Ä‘Ã£ cÅ©. Ã‚m nháº¡c khÃ´ng chá»‰ lÃ  má»™t bÃ i nháº¡c tá»«ng quen, mÃ  cÃ²n má»™t vÃ¹ng trá»i hoÃ i niá»‡m Ä‘Æ°á»£c tua ngÆ°á»£c vá» trÃªn cuá»™n bÄƒng nhá». TrÃªn cháº·ng Ä‘Æ°á»ng tÃ¬m vá» quÃ¡ khá»©, chiáº¿c cassette nhá» váº«n Ä‘ang cháº¡y, vÃ¹ng kÃ­ á»©c nÃ o váº«n cÃ²n Ä‘ang Ä‘á»£i báº¡n á»Ÿ phÃ­a trÆ°á»›c, cÃ¹ng Gá» XÃª chá» Ä‘Ã³n mÃ³n quÃ  tiáº¿p theo nhÃ©.
Bá» xa hiá»‡n táº¡i láº¡i sau lÆ°ng, nhá»¯ng bÆ°á»›c chÃ¢n nháº¹ nhÃ ng trÃªn cháº·ng Ä‘Æ°á»ng tÃ¬m vá» quÃ¡ khá»© Ä‘Ã£ Ä‘Æ°a báº£n thÃ¢n trá»Ÿ vá» â€œNgÃ y áº¤yâ€, nÆ¡i mÃ  nhá»¯ng giai Ä‘iá»‡u, nhá»¯ng cáº£m xÃºc váº«n cÃ²n nguyÃªn váº» thÃ´ sÆ¡ cá»§a nÃ³. DÆ°á»ng nhÆ° Ã¢m nháº¡c lÃ  má»™t gia vá»‹ kÃ¬ diá»‡u Ä‘áº¿n khÃ³ tin, khi ta cÃ³ thá»ƒ táº­n hÆ°á»Ÿng Ä‘Æ°á»£c cáº£ vÃ¹ng trá»i tuá»•i thÆ¡ qua nhá»¯ng ná»‘t Äá»“ RÃª Mi nhá» bÃ©. LÃ  ká»‰ niá»‡m, lÃ  trÃ¡i tim, lÃ  khÃ´ng gian nhÆ° láº¯ng Ä‘á»ng láº¡i, hÃ£y ngá»“i xuá»‘ng cÃ¹ng Gá» XÃª Ä‘á»ƒ láº¡i má»™t láº§n ná»¯a â€œNhÃ¬n Nhá»¯ng MÃ¹a Thu Äiâ€ qua thá»© Ã¢m nháº¡c tháº¥m Ä‘áº«m xÃºc cáº£m mÃ  chÃºng mÃ¬nh Ä‘Ã£ tÃ¬m láº¡i tá»« miá»n kÃ­ á»©c nhÃ©. LÃ¡ thÆ° tÃ¬nh â€œGCâ€™S LIVE SESSIONS #2â€ Ä‘Ã£ chÃ­nh thá»©c má»Ÿ ra.
Váº­y lÃ  cháº·ng Ä‘Æ°á»ng tÃ¬m vá» vá»›i quÃ¡ khá»© vÃ  nhá»¯ng máº£nh kÃ­ á»©c Ä‘áº§y hoÃ i niá»‡m Ä‘Ã£ chÃ­nh thá»©c khÃ©p láº¡i cÃ¹ng vá»›i â€œGCâ€™S LIVE SESSIONSâ€. Liá»‡u báº¡n cÃ³ tÃ¬m tháº¥y má»™t pháº§n tuá»•i thÆ¡ cá»§a mÃ¬nh trong thá»© Ã¢m nháº¡c Ä‘áº­m mÃ u hoÃ i niá»‡m mÃ  Gá» XÃª mang láº¡i honggg, hÃ£y chia sáº» cho Gá» XÃª nghe vá»›i nÃ¨eee.","uploads/1747986313_bg7.jpg","IU Guitar Club"
"8","â€œChuá»—i Hoáº¡t Äá»™ng ChÃ o Má»«ng Sinh Nháº­t Khoa BMEâ€ Khoa Ká»¹ thuáº­t Y Sinh","2025-05-09","BME BIRTHDAY SERIES 2025 lÃ  chuá»—i hoáº¡t Ä‘á»™ng Ä‘áº·c biá»‡t chÃ o má»«ng sinh nháº­t láº§n thá»© 16 cá»§a Khoa Ká»¹ thuáº­t Y Sinh ,diá»…n ra xuyÃªn suá»‘t thÃ¡ng 3/2025. ChÆ°Æ¡ng trÃ¬nh bao gá»“m nhiá»u hoáº¡t Ä‘á»™ng Ã½ nghÄ©a nhÆ° Há»™i Thao vá»›i cÃ¡c bá»™ mÃ´n bÃ³ng Ä‘Ã¡, bÃ³ng bÃ n, cá» vua vÃ  kÃ©o co, nháº±m xÃ¢y dá»±ng sÃ¢n chÆ¡i lÃ nh máº¡nh, thÃºc Ä‘áº©y tinh tháº§n thá»ƒ thao vÃ  gáº¯n káº¿t sinh viÃªn trong khoa. Äáº·c biá»‡t, hoáº¡t Ä‘á»™ng â€œQuÃ½ Ã”ng Pha TrÃ â€ Ä‘Æ°á»£c tá»• chá»©c nhÃ¢n dá»‹p 8/3 nhÆ° má»™t lá»i tri Ã¢n sÃ¢u sáº¯c gá»­i Ä‘áº¿n cÃ¡c báº¡n ná»¯ sinh viÃªn vÃ  giáº£ng viÃªn ná»¯. Äiá»ƒm nháº¥n cá»§a chuá»—i sá»± kiá»‡n lÃ  lá»… sinh nháº­t khoa â€“ nÆ¡i cÃ¡c tháº¿ há»‡ giáº£ng viÃªn, sinh viÃªn vÃ  cá»±u sinh viÃªn cÃ¹ng há»™i tá»¥, giao lÆ°u, chia sáº» ká»· niá»‡m vÃ  cÃ¹ng nhau tháº¯p náº¿n má»«ng tuá»•i má»›i, thá»ƒ hiá»‡n tinh tháº§n Ä‘oÃ n káº¿t, trÃ¢n trá»ng cháº·ng Ä‘Æ°á»ng phÃ¡t triá»ƒn cá»§a Ä‘áº¡i gia Ä‘Ã¬nh BME.
","uploads/1747986448_bg8.jpg","ÄoÃ n Khoa â€“ LCH Khoa Ká»¹ thuáº­t "
"9","[ÄOÃ€N â€“ Há»˜I KHOA CÃ”NG NGHá»† THÃ”NG TIN] RECAP: CHÃ€O Má»ªNG NGÃ€Y QUá»C Táº¾ PHá»¤ Ná»® 8/3","2025-03-27","CÃ³ 365 ngÃ y má»—i nÄƒm, nhÆ°ng Ä‘áº·c biá»‡t nháº¥t luÃ´n lÃ  ngÃ y cá»§a nhá»¯ng ngÆ°á»i phá»¥ ná»¯ â€“ NgÃ y Quá»‘c táº¿ Phá»¥ ná»¯ 8/3. ÄÃ¢y lÃ  dá»‹p Ä‘á»ƒ chÃºng ta bÃ y tá» lÃ²ng biáº¿t Æ¡n chÃ¢n thÃ nh Ä‘á»‘i vá»›i nhá»¯ng Ä‘Ã³ng gÃ³p Ã¢m tháº§m nhÆ°ng vÃ´ cÃ¹ng to lá»›n cá»§a nhá»¯ng ngÆ°á»i phá»¥ ná»¯ trong cuá»™c sá»‘ng. Há» lÃ  nhá»¯ng ngÆ°á»i máº¹, ngÆ°á»i cÃ´, ngÆ°á»i chá»‹, hay lÃ  ngÆ°á»i báº¡n luÃ´n Ä‘á»“ng hÃ nh, hy sinh, kiÃªn nháº«n vÃ  Ä‘áº§y táº¥m lÃ²ng bao dung.
HÃ²a vÃ o khÃ´ng khÃ­ ngÃ y 8-3 Ä‘áº§y niá»m vui vÃ  Ã½ nghÄ©a, ÄoÃ n â€“ Há»™i Khoa CÃ´ng nghá»‡ ThÃ´ng tin xin gá»­i nhá»¯ng lá»i chÃºc tá»‘t Ä‘áº¹p nháº¥t Ä‘áº¿n táº¥t cáº£ nhá»¯ng ngÆ°á»i phá»¥ ná»¯ trÃªn tháº¿ giá»›i, Ä‘áº·c biá»‡t lÃ  cÃ¡c giáº£ng viÃªn, cÃ¡n bá»™, nhÃ¢n viÃªn ná»¯ Ä‘ang cÃ´ng tÃ¡c táº¡i trÆ°á»ng Äáº¡i há»c Quá»‘c táº¿ â€“ ÄHQG HCM. 
ChÃºc táº¥t cáº£ chá»‹ em phá»¥ ná»¯ tháº­t nhiá»u sá»©c khá»e, niá»m vui, vÃ  thuáº­n lá»£i trong cÃ´ng viá»‡c, thÃ nh cÃ´ng trong má»i dá»± Ä‘á»‹nh cá»§a mÃ¬nh. KhÃ´ng chá»‰ riÃªng ngÃ y 8/3 nÃ y, mÃ  má»—i ngÃ y Ä‘á»u lÃ  ngÃ y háº¡nh phÃºc cá»§a nhá»¯ng bÃ´ng hoa tuyá»‡t vá»i áº¥y.","uploads/1747986578_bg9.jpg","ITYU"
"10","[ÄOÃ€N â€“ Há»˜I KHOA CÃ”NG NGHá»† THÃ”NG TIN] Tá»”NG Káº¾T SINH HOáº T CHI ÄOÃ€N CHá»¦ ÄIá»‚M THÃNG 3 â€“ 2025","2025-03-27","SÃ¡ng ngÃ y 09/3 vá»«a qua, ÄoÃ n Khoa CÃ´ng nghá»‡ ThÃ´ng tin Ä‘Ã£ tá»• chá»©c buá»•i Sinh hoáº¡t Chi ÄoÃ n chá»§ Ä‘iá»ƒm vá»›i chá»§ Ä‘á» â€œTÃ¬m hiá»ƒu Äá»‹a chá»‰ Ä‘á»â€. Buá»•i sinh hoáº¡t Ä‘Ã£ diá»…n ra thuáº­n lá»£i vá»›i sá»± tham gia cá»§a 17 ÄoÃ n viÃªn Khoa CÃ´ng nghá»‡ ThÃ´ng tin, Ä‘áº¿n tham quan vÃ  tÃ¬m hiá»ƒu 02 Ä‘á»‹a chá»‰ Ä‘á» trÃªn Ä‘á»‹a bÃ n Quáº­n 10, ThÃ nh phá»‘ Há»“ ChÃ­ Minh.
Äá»‹a Ä‘iá»ƒm Ä‘áº§u tiÃªn cá»§a buá»•i Sinh hoáº¡t Chá»§ Ä‘iá»ƒm lÃ  CÃ´ng viÃªn vÄƒn hÃ³a LÃª Thá»‹ RiÃªng, tá»a láº¡c táº¡i PhÆ°á»ng 15, Quáº­n 10, ThÃ nh phá»‘ Há»“ ChÃ­ Minh. Vá»‘n lÃ  má»™t nghÄ©a trang, Ä‘áº¿n nÄƒm 1983, nghÄ©a trang Ä‘Æ°á»£c giáº£i tá»a Ä‘á»ƒ xÃ¢y cÃ´ng viÃªn. CÃ´ng viÃªn lÃ  nÆ¡i Ä‘áº·t pháº§n má»™ Ä‘á»“ng chÃ­ LÃª Thá»‹ RiÃªng, á»¦y viÃªn á»¦y ban Máº·t tráº­n DÃ¢n tá»™c giáº£i phÃ³ng miá»n Nam Viá»‡t Nam.
ÄÃ¢y cÅ©ng chÃ­nh lÃ  nÆ¡i Ä‘áº·t bia tÆ°á»Ÿng niá»‡m cá»§a Äá»“ng chÃ­ cá»‘ Tá»•ng BÃ­ thÆ° Tráº§n PhÃº, Tá»•ng BÃ­ thÆ° Ä‘áº§u tiÃªn cá»§a Äáº£ng. Táº¡i Ä‘Ã¢y, cÃ¡c báº¡n ÄoÃ n viÃªn Ä‘Ã£ cÃ³ cÆ¡ há»™i nghe vÃ  tÃ¬m hiá»ƒu vá» bia tÆ°á»Ÿng niá»‡m, cÅ©ng nhÆ° ngÆ°á»£c dÃ²ng lá»‹ch sá»­, tÃ¬m hiá»ƒu vá» nhá»¯ng Ä‘Ã³ng gÃ³p lá»›n lao cá»§a Äá»“ng chÃ­ cho Äáº£ng vÃ  cÃ¡ch máº¡ng Viá»‡t Nam.
Äáº·c biá»‡t, cÃ¡c báº¡n sinh viÃªn Ä‘Ã£ cÃ³ chuyáº¿n viáº¿ng thÄƒm NhÃ  bia ghi danh Liá»‡t sÄ© Quáº­n 10, náº±m trong khuÃ´n viÃªn CÃ´ng viÃªn. ÄÃ¢y lÃ  nÆ¡i ghi danh 1.590 liá»‡t sÄ© lÃ  cÃ´ng dÃ¢n Quáº­n 10 Ä‘Ã£ hy sinh anh dÅ©ng trong thá»i ká»³ khÃ¡ng chiáº¿n chá»‘ng thá»±c dÃ¢n PhÃ¡p vÃ  Ä‘áº¿ quá»‘c Má»¹, cÅ©ng nhÆ° trong sá»± nghiá»‡p xÃ¢y dá»±ng vÃ  báº£o vá»‡ Tá»• quá»‘c. CÃ¡c báº¡n Ä‘Ã£ trang nghiÃªm bÃ y tá» lÃ²ng thÃ nh kÃ­nh, tÆ°á»Ÿng niá»‡m Ä‘áº¿n cÃ¡c vá»‹ anh hÃ¹ng dÃ¢n tá»™c.
Tiáº¿p theo, ÄoÃ n Khoa di chuyá»ƒn Ä‘áº¿n Ä‘á»‹a Ä‘iá»ƒm thá»© hai: Háº§m bÃ­ máº­t á»§ng há»™ Vá»‡ Quá»‘c ÄoÃ n, sá»‘ 122/351 NgÃ´ Gia Tá»±, phÆ°á»ng 9, quáº­n 10, Tp. Há»“ ChÃ­ Minh. Háº§m lÃ  nÆ¡i in áº¥n, sao lÆ°u tÃ i liá»‡u tuyÃªn truyá»n cÃ¡ch máº¡ng thá»i khÃ¡ng chiáº¿n chá»‘ng PhÃ¡p.","uploads/1747986688_bg10.jpg","ITYU"
"11","|SHOW THÃNG 5 â€œKIá»†N TRá»œIâ€|","2025-05-20","â€œKIá»†N TRá»œIâ€ â€“ Vá» Ká»ŠCH TÃI XUáº¤T Äáº¦Y Máº NH Máº¼ TRONG THÃNG 5 ğŸ­
CÃ¢u chuyá»‡n lá»‹ch sá»­ chÆ°a tá»«ng xa láº¡, nhÆ°ng láº§n nÃ y, chÃºng tÃ´i ká»ƒ nÃ³ theo má»™t cÃ¡ch khÃ¡câ€¦
Sau thÃ nh cÃ´ng cá»§a Ä‘Ãªm cÃ´ng diá»…n Ä‘áº§u tiÃªn, CLB IU LUMB hÃ¢n hoan mang â€œKiá»‡n Trá»iâ€ trá»Ÿ láº¡i sÃ¢n kháº¥u vá»›i diá»‡n máº¡o chá»‰n chu vÃ  cáº£m xÃºc hÆ¡n bao giá» háº¿t!
Má»™t tÃ¡c pháº©m Ä‘áº­m mÃ u lá»‹ch sá»­, ká»ƒ vá» hÃ nh trÃ¬nh Ä‘áº¥u tranh vÃ¬ chÃ­nh nghÄ©a cá»§a nhá»¯ng con ngÆ°á»i khÃ´ng khuáº¥t phá»¥c trÆ°á»›c cÆ°á»ng quyá»n.
________________________
âœ¨ ÄIá»€U GÃŒ KHIáº¾N â€œKIá»†N TRá»œIâ€ KHÃ”NG THá»‚ Bá» Lá» ?
KhÃ´ng gian lá»‹ch sá»­ chÃ¢n thá»±c, tÃ¡i hiá»‡n má»™t giai Ä‘oáº¡n Ä‘áº§y Ã½ nghÄ©a
DÃ n diá»…n viÃªn khoÃ¡c lÃªn mÃ¬nh nhá»¯ng bá»™ cá»• phá»¥c Ä‘Æ°á»£c thiáº¿t káº¿ cÃ´ng phu, truyá»n táº£i tinh tháº§n cá»§a tá»«ng nhÃ¢n váº­t
Ká»‹ch báº£n Ä‘Æ°á»£c chÄƒm chÃºt sÃ¢u sáº¯c vÃ  dÃ n dá»±ng chá»‰n chu, káº¿t há»£p nhuáº§n nhuyá»…n giá»¯a nghá»‡ thuáº­t biá»ƒu diá»…n vÃ  giÃ¡ trá»‹ tÆ° tÆ°á»Ÿng
________________________
THÃ”NG TIN BUá»”I CÃ”NG DIá»„N
ğŸ—“ï¸ NgÃ y 30/5/2025
ğŸ•” Check-in tá»« 15h45 | Vá»Ÿ diá»…n báº¯t Ä‘áº§u lÃºc 16h30
ğŸ“ TrÆ°á»ng Äáº¡i há»c Quá»‘c táº¿ â€“ ÄHQG TP.HCM
________________________
âš ï¸ LÆ¯U Ã QUAN TRá»ŒNG
Vá»Ÿ diá»…n cÃ³ má»™t sá»‘ cáº£nh chá»‰ phÃ¹ há»£p vá»›i khÃ¡n giáº£ tá»« 16 tuá»•i trá»Ÿ lÃªn
Vui lÃ²ng cÃ¢n nháº¯c trÆ°á»›c khi tham gia
________________________
ğŸ“¢ HÃ£y Ä‘áº¿n vÃ  Ä‘á»ƒ â€œKiá»‡n Trá»iâ€ ká»ƒ báº¡n nghe má»™t cÃ¢u chuyá»‡n chÆ°a tá»«ng Ä‘Æ°á»£c ká»ƒ theo cÃ¡ch nÃ yâ€¦
(Truy cáº­p link dÆ°á»›i pháº§n bÃ¬nh luáº­n Ä‘á»ƒ Ä‘áº·t vÃ© vÃ  xem thÃªm thÃ´ng tin chi tiáº¿t!)
#IULUMB #KienTroi #SankhauLichSu #IU #IUers #clbnghethuat #kichsinhvien #showthang5","uploads/1747986805_bg11.jpg","IU LUMB"
